{"Financial District": {"avg_violation_score": 4.454545454545454, "avg_inspection_score": 89.76}, "Parkmerced": {"avg_violation_score": 4.116279069767442, "avg_inspection_score": 90.6}, "Outer Richmond": {"avg_violation_score": 7.633333333333334, "avg_inspection_score": 84.12}, "West Portal": {"avg_violation_score": 6.2439024390243905, "avg_inspection_score": 86.5}, "Golden Gate Heights": {"avg_violation_score": 5.66, "avg_inspection_score": 87.15789473684211}, "Cow Hollow": {"avg_violation_score": 5.354838709677419, "avg_inspection_score": 88.66666666666667}, "St. Marys Park": {"avg_violation_score": 6.4411764705882355, "avg_inspection_score": 85.51851851851852}, "Bernal Heights": {"avg_violation_score": 6.037037037037037, "avg_inspection_score": 87.43589743589743}, "South of Market": {"avg_violation_score": 6.222222222222222, "avg_inspection_score": 85.44827586206897}, "Treasure Island": {"avg_violation_score": 5.529411764705882, "avg_inspection_score": 88.07692307692308}, "Duboce Triangle": {"avg_violation_score": 7.363636363636363, "avg_inspection_score": 82.41666666666667}, "Visitacion Valley": {"avg_violation_score": 8.911764705882353, "avg_inspection_score": 82.77777777777777}, "Apparel City": {"avg_violation_score": 6.411764705882353, "avg_inspection_score": 88.1}, "Marina": {"avg_violation_score": 7.3, "avg_inspection_score": 86.78125}, "Merced Manor": {"avg_violation_score": 7.825, "avg_inspection_score": 83.54545454545455}, "Oceanview": {"avg_violation_score": 7.828571428571428, "avg_inspection_score": 84.46666666666667}, "Parnassus Heights": {"avg_violation_score": 6.877551020408164, "avg_inspection_score": 88.41463414634147}, "Little Hollywood": {"avg_violation_score": 5.948717948717949, "avg_inspection_score": 87.59375}, "Forest Hill": {"avg_violation_score": 7.4, "avg_inspection_score": 85.78947368421052}, "Seacliff": {"avg_violation_score": 5.851063829787234, "avg_inspection_score": 86.5625}, "Mission Bay": {"avg_violation_score": 7.142857142857143, "avg_inspection_score": 86.21212121212122}, "Chinatown": {"avg_violation_score": 5.5777777777777775, "avg_inspection_score": 88.61764705882354}, "Glen Park": {"avg_violation_score": 6.0, "avg_inspection_score": 89.05}, "Upper Market": {"avg_violation_score": 6.875, "avg_inspection_score": 87.03846153846153}, "Outer Sunset": {"avg_violation_score": 5.955555555555556, "avg_inspection_score": 87.29729729729729}, "Fishermans Wharf": {"avg_violation_score": 7.051282051282051, "avg_inspection_score": 85.32142857142857}, "Stonestown": {"avg_violation_score": 6.676470588235294, "avg_inspection_score": 85.53571428571429}, "Forest Knolls": {"avg_violation_score": 6.211538461538462, "avg_inspection_score": 87.12820512820512}, "Cole Valley": {"avg_violation_score": 8.258064516129032, "avg_inspection_score": 83.58333333333333}, "South Beach": {"avg_violation_score": 7.352941176470588, "avg_inspection_score": 87.36666666666666}, "Presidio Terrace": {"avg_violation_score": 7.121951219512195, "avg_inspection_score": 86.97058823529412}, "Portola": {"avg_violation_score": 6.95, "avg_inspection_score": 87.21212121212122}, "Sunnyside": {"avg_violation_score": 5.7560975609756095, "avg_inspection_score": 88.0}, "Silver Terrace": {"avg_violation_score": 8.256410256410257, "avg_inspection_score": 84.61290322580645}, "Downtown / Union Square": {"avg_violation_score": 7.315789473684211, "avg_inspection_score": 87.38235294117646}, "Showplace Square": {"avg_violation_score": 5.8076923076923075, "avg_inspection_score": 84.72222222222223}, "Golden Gate Park": {"avg_violation_score": 3.65625, "avg_inspection_score": 90.58333333333333}, "Lower Pacific Heights": {"avg_violation_score": 5.111111111111111, "avg_inspection_score": 87.74193548387096}, "Lake Street": {"avg_violation_score": 6.527777777777778, "avg_inspection_score": 86.72}, "Eureka Valley": {"avg_violation_score": 5.852941176470588, "avg_inspection_score": 86.27272727272727}, "Bret Harte": {"avg_violation_score": 7.944444444444445, "avg_inspection_score": 83.0}, "McLaren Park": {"avg_violation_score": 6.7272727272727275, "avg_inspection_score": 89.46341463414635}, "Produce Market": {"avg_violation_score": 7.925, "avg_inspection_score": 85.0}, "Rincon Hill": {"avg_violation_score": 7.591836734693878, "avg_inspection_score": 83.85714285714286}, "Lakeshore": {"avg_violation_score": 6.25, "avg_inspection_score": 86.67857142857143}, "Crocker Amazon": {"avg_violation_score": 6.4, "avg_inspection_score": 87.8076923076923}, "Haight Ashbury": {"avg_violation_score": 5.833333333333333, "avg_inspection_score": 87.44444444444444}, "Ingleside Terraces": {"avg_violation_score": 5.571428571428571, "avg_inspection_score": 85.73076923076923}, "Telegraph Hill": {"avg_violation_score": 5.829787234042553, "avg_inspection_score": 88.08108108108108}, "Sunnydale": {"avg_violation_score": 6.021739130434782, "avg_inspection_score": 89.425}, "Inner Sunset": {"avg_violation_score": 4.78, "avg_inspection_score": 91.21621621621621}, "University Mound": {"avg_violation_score": 7.3478260869565215, "avg_inspection_score": 86.87179487179488}, "Outer Mission": {"avg_violation_score": 7.690476190476191, "avg_inspection_score": 87.30555555555556}, "Aquatic Park / Ft. Mason": {"avg_violation_score": 6.2, "avg_inspection_score": 87.25925925925925}, "Clarendon Heights": {"avg_violation_score": 6.4411764705882355, "avg_inspection_score": 86.46153846153847}, "Mission Dolores": {"avg_violation_score": 6.194444444444445, "avg_inspection_score": 86.92}, "Inner Richmond": {"avg_violation_score": 7.566037735849057, "avg_inspection_score": 85.11627906976744}, "Lower Haight": {"avg_violation_score": 8.971428571428572, "avg_inspection_score": 85.0}, "Japantown": {"avg_violation_score": 7.024390243902439, "avg_inspection_score": 86.06060606060606}, "Miraloma Park": {"avg_violation_score": 7.266666666666667, "avg_inspection_score": 85.19444444444444}, "Peralta Heights": {"avg_violation_score": 5.666666666666667, "avg_inspection_score": 89.23529411764706}, "Parkside": {"avg_violation_score": 7.644444444444445, "avg_inspection_score": 84.71428571428571}, "Mission Terrace": {"avg_violation_score": 6.086956521739131, "avg_inspection_score": 87.55555555555556}, "Buena Vista": {"avg_violation_score": 6.7560975609756095, "avg_inspection_score": 85.6}, "St. Francis Wood": {"avg_violation_score": 5.081081081081081, "avg_inspection_score": 89.93103448275862}, "Balboa Terrace": {"avg_violation_score": 5.6, "avg_inspection_score": 87.84375}, "Hayes Valley": {"avg_violation_score": 6.157894736842105, "avg_inspection_score": 87.5}, "India Basin": {"avg_violation_score": 6.169811320754717, "avg_inspection_score": 85.8048780487805}, "Merced Heights": {"avg_violation_score": 6.229166666666667, "avg_inspection_score": 86.51351351351352}, "Laurel Heights / Jordan Park": {"avg_violation_score": 6.85, "avg_inspection_score": 88.36111111111111}, "Lincoln Park / Ft. Miley": {"avg_violation_score": 7.068181818181818, "avg_inspection_score": 85.73529411764706}, "Dolores Heights": {"avg_violation_score": 4.529411764705882, "avg_inspection_score": 89.24}, "Nob Hill": {"avg_violation_score": 9.042553191489361, "avg_inspection_score": 83.60975609756098}, "Ashbury Heights": {"avg_violation_score": 7.0285714285714285, "avg_inspection_score": 86.7}, "Diamond Heights": {"avg_violation_score": 7.434782608695652, "avg_inspection_score": 85.39473684210526}, "Noe Valley": {"avg_violation_score": 7.238095238095238, "avg_inspection_score": 85.0625}, "Cathedral Hill": {"avg_violation_score": 6.551724137931035, "avg_inspection_score": 88.08333333333333}, "Sherwood Forest": {"avg_violation_score": 4.216216216216216, "avg_inspection_score": 90.04347826086956}, "Mt. Davidson Manor": {"avg_violation_score": 7.675, "avg_inspection_score": 83.97058823529412}, "Holly Park": {"avg_violation_score": 6.0606060606060606, "avg_inspection_score": 88.29166666666667}, "Bayview": {"avg_violation_score": 7.7, "avg_inspection_score": 83.4},