{
    "Alamo Square": {
        "avg_inspection_score": 86.83333333333333,
        "avg_violation_score": 8.342857142857143
    },
    "Anza Vista": {
        "avg_inspection_score": 87.23809523809524,
        "avg_violation_score": 7.404255319148936
    },
    "Apparel City": {
        "avg_inspection_score": 88.1,
        "avg_violation_score": 6.411764705882353
    },
    "Aquatic Park / Ft. Mason": {
        "avg_inspection_score": 87.25925925925925,
        "avg_violation_score": 6.2
    },
    "Ashbury Heights": {
        "avg_inspection_score": 86.7,
        "avg_violation_score": 7.0285714285714285
    },
    "Balboa Terrace": {
        "avg_inspection_score": 87.84375,
        "avg_violation_score": 5.6
    },
    "Bayview": {
        "avg_inspection_score": 83.4,
        "avg_violation_score": 7.7
    },
    "Bernal Heights": {
        "avg_inspection_score": 87.43589743589743,
        "avg_violation_score": 6.037037037037037
    },
    "Bret Harte": {
        "avg_inspection_score": 83.0,
        "avg_violation_score": 7.944444444444445
    },
    "Buena Vista": {
        "avg_inspection_score": 85.6,
        "avg_violation_score": 6.7560975609756095
    },
    "Candlestick Point SRA": {
        "avg_inspection_score": 87.95238095238095,
        "avg_violation_score": 6.3125
    },
    "Castro": {
        "avg_inspection_score": 88.74074074074075,
        "avg_violation_score": 5.769230769230769
    },
    "Cathedral Hill": {
        "avg_inspection_score": 88.08333333333333,
        "avg_violation_score": 6.551724137931035
    },
    "Cayuga": {
        "avg_inspection_score": 86.35,
        "avg_violation_score": 7.574468085106383
    },
    "Central Waterfront": {
        "avg_inspection_score": 83.48275862068965,
        "avg_violation_score": 8.61111111111111
    },
    "Chinatown": {
        "avg_inspection_score": 88.61764705882354,
        "avg_violation_score": 5.5777777777777775
    },
    "Civic Center": {
        "avg_inspection_score": 87.41176470588235,
        "avg_violation_score": 7.097560975609756
    },
    "Clarendon Heights": {
        "avg_inspection_score": 86.46153846153847,
        "avg_violation_score": 6.4411764705882355
    },
    "Cole Valley": {
        "avg_inspection_score": 83.58333333333333,
        "avg_violation_score": 8.258064516129032
    },
    "Corona Heights": {
        "avg_inspection_score": 87.33333333333333,
        "avg_violation_score": 6.611111111111111
    },
    "Cow Hollow": {
        "avg_inspection_score": 88.66666666666667,
        "avg_violation_score": 5.354838709677419
    },
    "Crocker Amazon": {
        "avg_inspection_score": 87.8076923076923,
        "avg_violation_score": 6.4
    },
    "Diamond Heights": {
        "avg_inspection_score": 85.39473684210526,
        "avg_violation_score": 7.434782608695652
    },
    "Dogpatch": {
        "avg_inspection_score": 87.84210526315789,
        "avg_violation_score": 6.130434782608695
    },
    "Dolores Heights": {
        "avg_inspection_score": 89.24,
        "avg_violation_score": 4.529411764705882
    },
    "Downtown / Union Square": {
        "avg_inspection_score": 87.38235294117646,
        "avg_violation_score": 7.315789473684211
    },
    "Duboce Triangle": {
        "avg_inspection_score": 82.41666666666667,
        "avg_violation_score": 7.363636363636363
    },
    "Eureka Valley": {
        "avg_inspection_score": 86.27272727272727,
        "avg_violation_score": 5.852941176470588
    },
    "Excelsior": {
        "avg_inspection_score": 85.14285714285714,
        "avg_violation_score": 6.083333333333333
    },
    "Fairmount": {
        "avg_inspection_score": 87.03571428571429,
        "avg_violation_score": 6.3428571428571425
    },
    "Financial District": {
        "avg_inspection_score": 89.76,
        "avg_violation_score": 4.454545454545454
    },
    "Fishermans Wharf": {
        "avg_inspection_score": 85.32142857142857,
        "avg_violation_score": 7.051282051282051
    },
    "Forest Hill": {
        "avg_inspection_score": 85.78947368421052,
        "avg_violation_score": 7.4
    },
    "Forest Knolls": {
        "avg_inspection_score": 87.12820512820512,
        "avg_violation_score": 6.211538461538462
    },
    "Glen Park": {
        "avg_inspection_score": 89.05,
        "avg_violation_score": 6.0
    },
    "Golden Gate Heights": {
        "avg_inspection_score": 87.15789473684211,
        "avg_violation_score": 5.66
    },
    "Golden Gate Park": {
        "avg_inspection_score": 90.58333333333333,
        "avg_violation_score": 3.65625
    },
    "Haight Ashbury": {
        "avg_inspection_score": 87.44444444444444,
        "avg_violation_score": 5.833333333333333
    },
    "Hayes Valley": {
        "avg_inspection_score": 87.5,
        "avg_violation_score": 6.157894736842105
    },
    "Holly Park": {
        "avg_inspection_score": 88.29166666666667,
        "avg_violation_score": 6.0606060606060606
    },
    "Hunters Point": {
        "avg_inspection_score": 87.70967741935483,
        "avg_violation_score": 4.9772727272727275
    },
    "India Basin": {
        "avg_inspection_score": 85.8048780487805,
        "avg_violation_score": 6.169811320754717
    },
    "Ingleside": {
        "avg_inspection_score": 86.95348837209302,
        "avg_violation_score": 6.9361702127659575
    },
    "Ingleside Terraces": {
        "avg_inspection_score": 85.73076923076923,
        "avg_violation_score": 5.571428571428571
    },
    "Inner Richmond": {
        "avg_inspection_score": 85.11627906976744,
        "avg_violation_score": 7.566037735849057
    },
    "Inner Sunset": {
        "avg_inspection_score": 91.21621621621621,
        "avg_violation_score": 4.78
    },
    "Japantown": {
        "avg_inspection_score": 86.06060606060606,
        "avg_violation_score": 7.024390243902439
    },
    "Laguna Honda": {
        "avg_inspection_score": 86.21951219512195,
        "avg_violation_score": 6.68
    },
    "Lake Street": {
        "avg_inspection_score": 86.72,
        "avg_violation_score": 6.527777777777778
    },
    "Lakeshore": {
        "avg_inspection_score": 86.67857142857143,
        "avg_violation_score": 6.25
    },
    "Laurel Heights / Jordan Park": {
        "avg_inspection_score": 88.36111111111111,
        "avg_violation_score": 6.85
    },
    "Lincoln Park / Ft. Miley": {
        "avg_inspection_score": 85.73529411764706,
        "avg_violation_score": 7.068181818181818
    },
    "Little Hollywood": {
        "avg_inspection_score": 87.59375,
        "avg_violation_score": 5.948717948717949
    },
    "Lone Mountain": {
        "avg_inspection_score": 87.55555555555556,
        "avg_violation_score": 6.386363636363637
    },
    "Lower Haight": {
        "avg_inspection_score": 85.0,
        "avg_violation_score": 8.971428571428572
    },
    "Lower Nob Hill": {
        "avg_inspection_score": 87.84,
        "avg_violation_score": 7.166666666666667
    },
    "Lower Pacific Heights": {
        "avg_inspection_score": 87.74193548387096,
        "avg_violation_score": 5.111111111111111
    },
    "Marina": {
        "avg_inspection_score": 86.78125,
        "avg_violation_score": 7.3
    },
    "McLaren Park": {
        "avg_inspection_score": 89.46341463414635,
        "avg_violation_score": 6.7272727272727275
    },
    "Merced Heights": {
        "avg_inspection_score": 86.51351351351352,
        "avg_violation_score": 6.229166666666667
    },
    "Merced Manor": {
        "avg_inspection_score": 83.54545454545455,
        "avg_violation_score": 7.825
    },
    "Midtown Terrace": {
        "avg_inspection_score": 83.55555555555556,
        "avg_violation_score": 7.527777777777778
    },
    "Mint Hill": {
        "avg_inspection_score": 88.88235294117646,
        "avg_violation_score": 5.795454545454546
    },
    "Miraloma Park": {
        "avg_inspection_score": 85.19444444444444,
        "avg_violation_score": 7.266666666666667
    },