{"Financial District": {"avg_violation_score": 7.785714285714286, "avg_inspection_score": 85.8695652173913}, "Parkmerced": {"avg_violation_score": 5.529411764705882, "avg_inspection_score": 88.39285714285714}, "Outer Richmond": {"avg_violation_score": 7.725, "avg_inspection_score": 86.72727272727273}, "West Portal": {"avg_violation_score": 4.970588235294118, "avg_inspection_score": 89.76923076923077}, "Golden Gate Heights": {"avg_violation_score": 6.911764705882353, "avg_inspection_score": 85.48}, "Cow Hollow": {"avg_violation_score": 7.785714285714286, "avg_inspection_score": 83.8529411764706}, "St. Marys Park": {"avg_violation_score": 5.21875, "avg_inspection_score": 87.4}, "Bernal Heights": {"avg_violation_score": 4.575, "avg_inspection_score": 87.22222222222223}, "South of Market": {"avg_violation_score": 6.314285714285714, "avg_inspection_score": 87.25925925925925}, "Treasure Island": {"avg_violation_score": 5.225, "avg_inspection_score": 89.64516129032258}, "Duboce Triangle": {"avg_violation_score": 6.0754716981132075, "avg_inspection_score": 87.93478260869566}, "Visitacion Valley": {"avg_violation_score": 6.821428571428571, "avg_inspection_score": 88.72727272727273}, "Apparel City": {"avg_violation_score": 7.108695652173913, "avg_inspection_score": 89.21951219512195}, "Marina": {"avg_violation_score": 7.454545454545454, "avg_inspection_score": 88.03448275862068}, "Merced Manor": {"avg_violation_score": 6.675, "avg_inspection_score": 86.05714285714286}, "Oceanview": {"avg_violation_score": 4.7894736842105265, "avg_inspection_score": 88.66666666666667}, "Parnassus Heights": {"avg_violation_score": 5.25, "avg_inspection_score": 87.84848484848484}, "Little Hollywood": {"avg_violation_score": 4.833333333333333, "avg_inspection_score": 88.42857142857143}, "Forest Hill": {"avg_violation_score": 8.06060606060606, "avg_inspection_score": 82.47826086956522}, "Seacliff": {"avg_violation_score": 8.177777777777777, "avg_inspection_score": 86.56410256410257}, "Mission Bay": {"avg_violation_score": 5.4, "avg_inspection_score": 87.03703703703704}, "Chinatown": {"avg_violation_score": 6.72093023255814, "avg_inspection_score": 85.55882352941177}, "Glen Park": {"avg_violation_score": 4.5, "avg_inspection_score": 89.75757575757575}, "Upper Market": {"avg_violation_score": 5.913793103448276, "avg_inspection_score": 85.90243902439025}, "Outer Sunset": {"avg_violation_score": 8.849056603773585, "avg_inspection_score": 84.8695652173913}, "Fishermans Wharf": {"avg_violation_score": 4.875, "avg_inspection_score": 88.93333333333334}, "Stonestown": {"avg_violation_score": 6.591836734693878, "avg_inspection_score": 88.83720930232558}, "Forest Knolls": {"avg_violation_score": 6.875, "avg_inspection_score": 86.525}, "Cole Valley": {"avg_violation_score": 8.311111111111112, "avg_inspection_score": 86.8157894736842}, "South Beach": {"avg_violation_score": 7.1923076923076925, "avg_inspection_score": 86.72727272727273}, "Presidio Terrace": {"avg_violation_score": 6.520833333333333, "avg_inspection_score": 86.8108108108108}, "Portola": {"avg_violation_score": 6.769230769230769, "avg_inspection_score": 85.7741935483871}, "Sunnyside": {"avg_violation_score": 7.66, "avg_inspection_score": 85.62790697674419}, "Silver Terrace": {"avg_violation_score": 6.318181818181818, "avg_inspection_score": 85.75}, "Downtown / Union Square": {"avg_violation_score": 7.0638297872340425, "avg_inspection_score": 86.6}, "Showplace Square": {"avg_violation_score": 7.681818181818182, "avg_inspection_score": 85.32352941176471}, "Golden Gate Park": {"avg_violation_score": 6.833333333333333, "avg_inspection_score": 83.7}, "Lower Pacific Heights": {"avg_violation_score": 7.770833333333333, "avg_inspection_score": 85.42105263157895}, "Lake Street": {"avg_violation_score": 8.5, "avg_inspection_score": 85.61290322580645}, "Eureka Valley": {"avg_violation_score": 5.466666666666667, "avg_inspection_score": 87.60714285714286}, "Bret Harte": {"avg_violation_score": 7.34375, "avg_inspection_score": 85.28571428571429}, "McLaren Park": {"avg_violation_score": 6.020833333333333, "avg_inspection_score": 89.35}, "Produce Market": {"avg_violation_score": 6.545454545454546, "avg_inspection_score": 87.73333333333333}, "Rincon Hill": {"avg_violation_score": 8.090909090909092, "avg_inspection_score": 86.17241379310344}, "Lakeshore": {"avg_violation_score": 6.538461538461538, "avg_inspection_score": 87.9090909090909}, "Crocker Amazon": {"avg_violation_score": 6.56, "avg_inspection_score": 86.58536585365853}, "Haight Ashbury": {"avg_violation_score": 5.533333333333333, "avg_inspection_score": 89.8}, "Ingleside Terraces": {"avg_violation_score": 6.05, "avg_inspection_score": 86.06451612903226}, "Telegraph Hill": {"avg_violation_score": 8.864864864864865, "avg_inspection_score": 82.80645161290323}, "Sunnydale": {"avg_violation_score": 6.136363636363637, "avg_inspection_score": 88.11428571428571}, "Inner Sunset": {"avg_violation_score": 5.121212121212121, "avg_inspection_score": 86.9090909090909}, "University Mound": {"avg_violation_score": 5.358974358974359, "avg_inspection_score": 88.14285714285714}, "Outer Mission": {"avg_violation_score": 8.482758620689655, "avg_inspection_score": 84.14814814814815}, "Aquatic Park / Ft. Mason": {"avg_violation_score": 5.54054054054054, "avg_inspection_score": 88.14814814814815}, "Clarendon Heights": {"avg_violation_score": 8.651162790697674, "avg_inspection_score": 83.72972972972973}, "Mission Dolores": {"avg_violation_score": 6.204545454545454, "avg_inspection_score": 86.8529411764706}, "Inner Richmond": {"avg_violation_score": 6.86, "avg_inspection_score": 86.27906976744185}, "Lower Haight": {"avg_violation_score": 7.612903225806452, "avg_inspection_score": 84.78260869565217}, "Japantown": {"avg_violation_score": 5.521739130434782, "avg_inspection_score": 87.17142857142858}, "Miraloma Park": {"avg_violation_score": 9.852941176470589, "avg_inspection_score": 82.25}, "Peralta Heights": {"avg_violation_score": 6.9743589743589745, "avg_inspection_score": 86.33333333333333}, "Parkside": {"avg_violation_score": 7.138888888888889, "avg_inspection_score": 86.62068965517241}, "Mission Terrace": {"avg_violation_score": 7.147058823529412, "avg_inspection_score": 85.60714285714286}, "Buena Vista": {"avg_violation_score": 5.571428571428571, "avg_inspection_score": 85.1}, "St. Francis Wood": {"avg_violation_score": 5.825, "avg_inspection_score": 86.72413793103448}, "Balboa Terrace": {"avg_violation_score": 7.085714285714285, "avg_inspection_score": 86.96551724137932}, "Hayes Valley": {"avg_violation_score": 6.4772727272727275, "avg_inspection_score": 85.55882352941177}, "India Basin": {"avg_violation_score": 5.980769230769231, "avg_inspection_score": 87.21621621621621}, "Merced Heights": {"avg_violation_score": 7.666666666666667, "avg_inspection_score": 85.3030303030303}, "Laurel Heights / Jordan Park": {"avg_violation_score": 5.42, "avg_inspection_score": 88.16666666666667}, "Lincoln Park / Ft. Miley": {"avg_violation_score": 6.916666666666667, "avg_inspection_score": 87.03333333333333}, "Dolores Heights": {"avg_violation_score": 7.177777777777778, "avg_inspection_score": 85.5}, "Nob Hill": {"avg_violation_score": 7.222222222222222, "avg_inspection_score": 87.36842105263158}, "Ashbury Heights": {"avg_violation_score": 6.464285714285714, "avg_inspection_score": 87.27272727272727}, "Diamond Heights": {"avg_violation_score": 5.425, "avg_inspection_score": 88.28571428571429}, "Noe Valley": {"avg_violation_score": 6.9, "avg_inspection_score": 87.36666666666666}, "Cathedral Hill": {"avg_violation_score": 4.6923076923076925, "avg_inspection_score": 89.0}, "Sherwood Forest": {"avg_violation_score": 8.046511627906977, "avg_inspection_score": 85.30555555555556}, "Mt. Davidson Manor": {"avg_violation_score": 6.630434782608695, "avg_inspection_score": 86.36111111111111}, "Holly Park": {"avg_violation_score": 6.54054054054054, "avg_inspection_score": 85.48148148148148}, "Bayview": {"avg_violation_score": 5.9,