{"Financial District": {"avg_violation_score": 6.121212121212121, "avg_inspection_score": 86.15384615384616}, "Parkmerced": {"avg_violation_score": 5.909090909090909, "avg_inspection_score": 87.87096774193549}, "Outer Richmond": {"avg_violation_score": 7.0, "avg_inspection_score": 85.02127659574468}, "West Portal": {"avg_violation_score": 4.906976744186046, "avg_inspection_score": 88.1}, "Golden Gate Heights": {"avg_violation_score": 7.743589743589744, "avg_inspection_score": 86.0}, "Cow Hollow": {"avg_violation_score": 6.733333333333333, "avg_inspection_score": 86.58823529411765}, "St. Marys Park": {"avg_violation_score": 8.71111111111111, "avg_inspection_score": 83.51351351351352}, "Bernal Heights": {"avg_violation_score": 6.958333333333333, "avg_inspection_score": 87.3}, "South of Market": {"avg_violation_score": 7.043478260869565, "avg_inspection_score": 86.36842105263158}, "Treasure Island": {"avg_violation_score": 7.346938775510204, "avg_inspection_score": 86.69767441860465}, "Duboce Triangle": {"avg_violation_score": 7.583333333333333, "avg_inspection_score": 87.0}, "Visitacion Valley": {"avg_violation_score": 8.166666666666666, "avg_inspection_score": 85.28205128205128}, "Apparel City": {"avg_violation_score": 6.803921568627451, "avg_inspection_score": 88.06818181818181}, "Marina": {"avg_violation_score": 5.4186046511627906, "avg_inspection_score": 88.53125}, "Merced Manor": {"avg_violation_score": 5.794871794871795, "avg_inspection_score": 85.67857142857143}, "Oceanview": {"avg_violation_score": 6.771428571428571, "avg_inspection_score": 83.41666666666667}, "Parnassus Heights": {"avg_violation_score": 7.190476190476191, "avg_inspection_score": 86.85714285714286}, "Little Hollywood": {"avg_violation_score": 5.878048780487805, "avg_inspection_score": 87.39393939393939}, "Forest Hill": {"avg_violation_score": 7.27027027027027, "avg_inspection_score": 86.51724137931035}, "Seacliff": {"avg_violation_score": 6.631578947368421, "avg_inspection_score": 87.03333333333333}, "Mission Bay": {"avg_violation_score": 4.714285714285714, "avg_inspection_score": 89.42857142857143}, "Chinatown": {"avg_violation_score": 7.472222222222222, "avg_inspection_score": 87.3225806451613}, "Glen Park": {"avg_violation_score": 6.829268292682927, "avg_inspection_score": 87.38709677419355}, "Upper Market": {"avg_violation_score": 7.0285714285714285, "avg_inspection_score": 84.24137931034483}, "Outer Sunset": {"avg_violation_score": 5.914285714285715, "avg_inspection_score": 89.1}, "Fishermans Wharf": {"avg_violation_score": 6.536585365853658, "avg_inspection_score": 88.72727272727273}, "Stonestown": {"avg_violation_score": 5.72972972972973, "avg_inspection_score": 87.32142857142857}, "Forest Knolls": {"avg_violation_score": 7.394736842105263, "avg_inspection_score": 85.58064516129032}, "Cole Valley": {"avg_violation_score": 6.565217391304348, "avg_inspection_score": 87.4}, "South Beach": {"avg_violation_score": 5.660377358490566, "avg_inspection_score": 87.26190476190476}, "Presidio Terrace": {"avg_violation_score": 7.083333333333333, "avg_inspection_score": 85.26923076923077}, "Portola": {"avg_violation_score": 6.1525423728813555, "avg_inspection_score": 88.25}, "Sunnyside": {"avg_violation_score": 4.193548387096774, "avg_inspection_score": 88.29411764705883}, "Silver Terrace": {"avg_violation_score": 5.375, "avg_inspection_score": 89.13157894736842}, "Downtown / Union Square": {"avg_violation_score": 6.375, "avg_inspection_score": 86.96666666666667}, "Showplace Square": {"avg_violation_score": 6.7, "avg_inspection_score": 86.22727272727273}, "Golden Gate Park": {"avg_violation_score": 6.8, "avg_inspection_score": 87.15384615384616}, "Lower Pacific Heights": {"avg_violation_score": 6.217391304347826, "avg_inspection_score": 84.42857142857143}, "Lake Street": {"avg_violation_score": 6.105263157894737, "avg_inspection_score": 86.14814814814815}, "Eureka Valley": {"avg_violation_score": 5.485714285714286, "avg_inspection_score": 89.07407407407408}, "Bret Harte": {"avg_violation_score": 8.176470588235293, "avg_inspection_score": 86.29629629629629}, "McLaren Park": {"avg_violation_score": 6.555555555555555, "avg_inspection_score": 85.41176470588235}, "Produce Market": {"avg_violation_score": 6.325, "avg_inspection_score": 85.45161290322581}, "Rincon Hill": {"avg_violation_score": 7.425, "avg_inspection_score": 85.55555555555556}, "Lakeshore": {"avg_violation_score": 4.766666666666667, "avg_inspection_score": 88.14285714285714}, "Crocker Amazon": {"avg_violation_score": 6.607843137254902, "avg_inspection_score": 87.90243902439025}, "Haight Ashbury": {"avg_violation_score": 6.523809523809524, "avg_inspection_score": 88.45945945945945}, "Ingleside Terraces": {"avg_violation_score": 6.555555555555555, "avg_inspection_score": 86.72413793103448}, "Telegraph Hill": {"avg_violation_score": 7.317073170731708, "avg_inspection_score": 86.13513513513513}, "Sunnydale": {"avg_violation_score": 6.069767441860465, "avg_inspection_score": 88.76470588235294}, "Inner Sunset": {"avg_violation_score": 6.365853658536586, "avg_inspection_score": 85.59375}, "University Mound": {"avg_violation_score": 8.027027027027026, "avg_inspection_score": 83.55172413793103}, "Outer Mission": {"avg_violation_score": 8.069767441860465, "avg_inspection_score": 84.42857142857143}, "Aquatic Park / Ft. Mason": {"avg_violation_score": 5.7073170731707314, "avg_inspection_score": 89.74285714285715}, "Clarendon Heights": {"avg_violation_score": 8.479166666666666, "avg_inspection_score": 85.53488372093024}, "Mission Dolores": {"avg_violation_score": 4.372881355932203, "avg_inspection_score": 90.07142857142857}, "Inner Richmond": {"avg_violation_score": 7.122448979591836, "avg_inspection_score": 87.35714285714286}, "Lower Haight": {"avg_violation_score": 6.666666666666667, "avg_inspection_score": 87.16666666666667}, "Japantown": {"avg_violation_score": 6.605263157894737, "avg_inspection_score": 85.24137931034483}, "Miraloma Park": {"avg_violation_score": 5.9772727272727275, "avg_inspection_score": 87.73529411764706}, "Peralta Heights": {"avg_violation_score": 5.555555555555555, "avg_inspection_score": 87.73076923076923}, "Parkside": {"avg_violation_score": 6.5, "avg_inspection_score": 88.75757575757575}, "Mission Terrace": {"avg_violation_score": 9.741935483870968, "avg_inspection_score": 83.51851851851852}, "Buena Vista": {"avg_violation_score": 5.51063829787234, "avg_inspection_score": 85.30555555555556}, "St. Francis Wood": {"avg_violation_score": 5.170212765957447, "avg_inspection_score": 89.32352941176471}, "Balboa Terrace": {"avg_violation_score": 6.064516129032258, "avg_inspection_score": 86.28}, "Hayes Valley": {"avg_violation_score": 6.181818181818182, "avg_inspection_score": 86.20833333333333}, "India Basin": {"avg_violation_score": 8.742857142857142, "avg_inspection_score": 84.9}, "Merced Heights": {"avg_violation_score": 7.673913043478261, "avg_inspection_score": 84.54054054054055}, "Laurel Heights / Jordan Park": {"avg_violation_score": 8.090909090909092, "avg_inspection_score": 85.73076923076923}, "Lincoln Park / Ft. Miley": {"avg_violation_score": 4.780487804878049, "avg_inspection_score": 89.38888888888889}, "Dolores Heights": {"avg_violation_score": 5.096774193548387, "avg_inspection_score": 88.92}, "Nob Hill": {"avg_violation_score": 4.973684210526316, "avg_inspection_score": 89.93103448275862}, "Ashbury Heights": {"avg_violation_score": 8.0, "avg_inspection_score": 85.72727272727273}, "Diamond Heights": {"avg_violation_score": 4.735294117647059, "avg_inspection_score": 86.92307692307692}, "Noe Valley": {"avg_violation_score": 7.0588235294117645, "avg_inspection_score": 86.16}, "Cathedral Hill": {"avg_violation_score": 6.857142857142857, "avg_inspection_score": 87.85714285714286}, "Sherwood Forest": {"avg_violation_score": 8.69047619047619, "avg_inspection_score": 83.70588235294117}, "Mt. Davidson Manor": {"avg_violation_score": 7.161290322580645, "avg_inspection_score": 86.66666666666667},